timestamp,open,high,low,close,volume,volatility_24h,source
2025-03-19T00:00:00,82715.03,87000.0,82547.16,86845.94,28151.05374,0.0,binance
2025-03-20T00:00:00,86845.93,87453.67,83655.23,84223.39,22090.30463,1854.4228890007873,binance
2025-03-21T00:00:00,84223.38,84850.33,83175.25,84088.79,11956.97443,1554.4431899665415,binance
2025-03-22T00:00:00,84088.79,84539.17,83625.1,83840.59,5420.22114,1406.4740040108625,binance
2025-03-23T00:00:00,83840.59,86129.64,83809.75,86082.5,8461.97813,1356.0641600860977,binance
2025-03-24T00:00:00,86082.5,88765.43,85519.09,87498.16,30115.62111,1580.4369115754075,binance
2025-03-25T00:00:00,87498.16,88539.63,86310.0,87392.87,22643.25248,1622.3289711399486,binance
2025-03-26T00:00:00,87392.88,88275.0,85860.0,86909.17,18408.78485,1560.645191707012,binance
2025-03-27T00:00:00,86909.17,87756.39,85800.0,87232.01,17098.03897,1529.7924142410443,binance
2025-03-28T00:00:00,87232.01,87515.67,83585.0,84424.38,27182.73169,1527.2460141560537,binance
2025-03-29T00:00:00,84424.38,84624.73,81644.81,82648.54,11696.39864,1741.606345678401,binance
2025-03-30T00:00:00,82648.53,83534.64,81565.0,82389.99,9864.49508,1896.345720696063,binance
2025-03-31T00:00:00,82390.0,83943.08,81278.52,82550.01,20569.13885,1969.0967869213798,binance
2025-04-01T00:00:00,82550.0,85579.46,82432.74,85158.34,20190.39697,1891.9440419820055,binance
2025-04-02T00:00:00,85158.35,88500.0,82320.0,82516.29,39931.457,1940.6135952059337,binance
2025-04-03T00:00:00,82516.28,83998.02,81211.24,83213.09,27337.84135,1922.7651636497385,binance
2025-04-04T00:00:00,83213.09,84720.0,81659.0,83889.87,32915.53976,1875.1347918120384,binance
2025-04-05T00:00:00,83889.87,84266.0,82379.95,83537.99,9360.40468,1841.7742969709975,binance
2025-04-06T00:00:00,83537.99,83817.63,77153.83,78430.0,27942.71436,2294.992057657525,binance
2025-04-07T00:00:00,78430.0,81243.58,74508.0,79163.24,78387.53089,2518.1277852772428,binance
2025-04-08T00:00:00,79163.24,80867.99,76239.9,76322.42,35317.32063,2984.247549740696,binance
2025-04-09T00:00:00,76322.42,83588.0,74620.0,82615.22,75488.28772,2922.032169451739,binance
2025-04-10T00:00:00,82615.22,82753.21,78464.36,79607.3,33284.80718,2978.513675749913,binance
2025-04-11T00:00:00,79607.3,84300.0,78969.58,83423.84,34435.43797,2913.089204604262,binance
2025-04-12T00:00:00,83423.83,85905.0,82792.95,85276.9,18470.74437,2873.80815175451,binance
2025-04-13T00:00:00,85276.91,86100.0,83034.23,83760.0,24680.04181,2815.988787601368,binance
2025-04-14T00:00:00,83760.0,85799.99,83678.0,84591.58,28659.09348,2768.178741229489,binance
2025-04-15T00:00:00,84591.58,86496.42,83600.0,83643.99,20910.99528,2716.437664164681,binance
2025-04-16T00:00:00,83643.99,85500.0,83111.64,84030.38,20867.24519,2668.5930319628906,binance
2025-04-17T00:00:00,84030.38,85470.01,83736.26,84947.91,13728.84772,2633.174596874084,binance
2025-04-18T00:00:00,84947.92,85132.08,84303.96,84474.69,6529.96315,2592.8959211653932,binance
2025-04-19T00:00:00,84474.7,85677.99,84364.45,85077.01,9666.58153,2562.3052301344187,binance
2025-04-20T00:00:00,85077.0,85320.76,83949.52,85179.24,8091.67725,2534.2977470739042,binance
2025-04-21T00:00:00,85179.24,88465.99,85144.76,87516.23,31773.37262,2576.2328223508184,binance
2025-04-22T00:00:00,87516.22,93888.0,87076.03,93442.99,43872.74705,3007.541547898208,binance
2025-04-23T00:00:00,93442.99,94696.05,91935.41,93691.08,27404.16808,3362.295178511675,binance
2025-04-24T00:00:00,93691.07,94005.0,91660.01,93980.47,19497.06071,3667.961241385855,binance
2025-04-25T00:00:00,93980.47,95758.04,92855.96,94638.68,27500.66648,3961.5318625727723,binance
2025-04-26T00:00:00,94638.68,95199.0,93870.69,94628.0,9415.06875,4204.80076122141,binance
2025-04-27T00:00:00,94628.0,95369.0,93602.58,93749.3,11162.841,4365.015441468553,binance
2025-04-28T00:00:00,93749.29,95630.0,92800.01,95011.18,22157.53351,4563.1856341756675,binance
2025-04-29T00:00:00,95011.18,95461.53,93742.54,94256.82,16955.3402,4698.787504992035,binance
2025-04-30T00:00:00,94256.82,95228.45,92910.0,94172.0,17661.2751,4812.657687513492,binance
2025-05-01T00:00:00,94172.0,97424.02,94130.43,96489.91,21380.45343,5010.086981802496,binance
2025-05-02T00:00:00,96489.9,97895.68,96350.0,96887.14,14905.74811,5198.860769150032,binance
2025-05-03T00:00:00,96887.13,96935.67,95753.01,95856.42,9723.34838,5321.846886702211,binance
2025-05-04T00:00:00,95856.42,96304.48,94151.38,94277.62,11036.38342,5377.762258160459,binance
2025-05-05T00:00:00,94277.61,95199.0,93514.1,94733.68,17251.18189,5439.52675593603,binance
2025-05-06T00:00:00,94733.68,96920.65,93377.0,96834.02,16122.64513,5561.144463065953,binance
2025-05-07T00:00:00,96834.02,97732.0,95784.61,97030.5,16644.83854,5675.308878526764,binance
2025-05-08T00:00:00,97030.5,104145.76,96876.29,103261.6,34962.02847,6039.121514072551,binance
2025-05-09T00:00:00,103261.61,104361.3,102315.14,102971.99,27617.39907,6341.103582566578,binance
2025-05-10T00:00:00,102971.99,104984.57,102818.76,104809.53,15324.78611,6688.66486239747,binance
2025-05-11T00:00:00,104809.53,104972.0,103345.06,104118.0,17987.12197,6963.543883684862,binance
2025-05-12T00:00:00,104118.0,105819.45,100718.37,102791.32,31272.77792,7157.275698928718,binance
2025-05-13T00:00:00,102791.32,104976.25,101429.7,104103.72,21253.42409,7376.766143974032,binance
2025-05-14T00:00:00,104103.72,104356.95,102602.05,103507.82,16452.9081,7552.817470256665,binance
2025-05-15T00:00:00,103507.83,104192.7,101383.07,103763.71,17998.98604,7719.102922710172,binance
2025-05-16T00:00:00,103763.71,104550.33,103100.49,103463.9,15683.88024,7859.830835281703,binance
2025-05-17T00:00:00,103463.9,103709.86,102612.5,103126.65,11250.89622,7977.411220727434,binance
2025-05-18T00:00:00,103126.65,106660.0,103105.09,106454.26,21599.98726,8181.950372763745,binance
2025-05-19T00:00:00,106454.27,107108.62,102000.0,105573.74,30260.03524,8340.21666171055,binance
2025-05-20T00:00:00,105573.73,107320.0,104184.72,106849.99,23705.48275,8520.823188774448,binance
2025-05-21T00:00:00,106850.0,110797.38,106100.01,109643.99,45531.040345,8771.489960424624,binance
2025-05-22T00:00:00,109643.99,111980.0,109177.37,111696.21,31630.77313,9066.510520286758,binance
2025-05-23T00:00:00,111696.22,111800.0,106800.0,107318.3,31737.72309,9204.462678393167,binance
2025-05-24T00:00:00,107318.3,109506.03,106875.41,107761.91,16782.53129,9341.523575025836,binance
2025-05-25T00:00:00,107761.9,109299.99,106600.64,109004.19,17710.04695,9498.32625812547,binance
2025-05-26T00:00:00,109004.2,110422.22,108670.58,109434.79,14649.11593,9652.761153853467,binance
2025-05-27T00:00:00,109434.78,110718.0,107516.57,108938.17,21276.65635,9782.133101991263,binance
2025-05-28T00:00:00,108938.17,109284.7,106769.43,107781.78,15633.78829,9875.020147594412,binance
2025-05-29T00:00:00,107781.78,108891.91,105322.86,105589.75,19834.70116,9917.95892354493,binance
2025-05-30T00:00:00,105589.75,106313.12,103621.0,103985.48,23706.49799,9930.709785156056,binance
2025-05-31T00:00:00,103985.47,104900.0,103068.55,104591.88,11289.35922,9950.010181523377,binance
2025-06-01T00:00:00,104591.88,105866.91,103752.49,105642.93,9709.70006,9982.905151857114,binance
2025-06-02T00:00:00,105642.93,105935.63,103659.88,105857.99,13453.98813,10015.674136650123,binance
2025-06-03T00:00:00,105858.0,106794.67,104872.5,105376.89,13259.52634,10037.55620286246,binance
2025-06-04T00:00:00,105376.9,106000.0,104179.0,104696.86,14034.89482,10046.944075500549,binance
2025-06-05T00:00:00,104696.86,105909.71,100372.26,101508.68,22321.50154,10017.736830227639,binance
2025-06-06T00:00:00,101508.69,105333.0,101095.8,104288.44,15839.07385,10018.789569417735,binance
2025-06-07T00:00:00,104288.43,105900.0,103871.09,105552.15,8344.93206,10034.845635762658,binance
2025-06-08T00:00:00,105552.15,106488.14,104964.14,105734.0,8048.06305,10051.07390308225,binance
2025-06-09T00:00:00,105734.01,110530.17,105318.37,110263.02,19975.37451,10137.786191513458,binance
2025-06-10T00:00:00,110263.02,110400.0,108331.03,110274.39,17071.82839,10218.473361799443,binance
2025-06-11T00:00:00,110274.39,110392.01,108064.0,108645.12,13115.91638,10266.235500932764,binance
2025-06-12T00:00:00,108645.13,108813.55,105671.72,105671.73,17778.67218,10269.552026332372,binance
2025-06-13T00:00:00,105671.74,106179.53,102664.31,106066.59,26180.81734,10276.061990351796,binance
2025-06-14T00:00:00,106066.59,106252.0,104300.0,105414.64,8798.93969,10273.416027746473,binance
2025-06-15T00:00:00,105414.63,106128.57,104494.53,105594.01,7164.20047,10271.552700347847,binance
2025-06-16T00:00:00,105594.02,108952.38,104980.37,106794.53,14922.6654,10282.316031486036,binance
2025-06-17T00:00:00,106794.53,107771.34,103371.02,104551.17,17866.33025,10267.34969152588,binance
2025-06-18T00:00:00,104551.17,105550.27,103500.0,104886.78,13968.64167,10254.967326138612,binance
2025-06-19T00:00:00,104886.79,105226.17,103929.27,104658.59,7678.60737,10239.766257609594,binance
2025-06-20T00:00:00,104658.59,106524.65,102345.0,103297.99,16419.06283,10212.655077025305,binance
2025-06-21T00:00:00,103297.98,103982.64,100837.9,102120.01,11154.21332,10177.339599277304,binance
2025-06-22T00:00:00,102120.02,103399.62,98200.0,100963.87,28746.41072,10135.790281364016,binance
2025-06-23T00:00:00,100963.87,106074.2,99613.33,105333.93,27666.50609,10125.871001448757,binance
2025-06-24T00:00:00,105333.94,106290.0,104622.02,106083.0,14651.69335,10122.426402317777,binance
2025-06-25T00:00:00,106083.0,108135.3,105808.03,107340.58,16701.15551,10131.079704094473,binance
2025-06-26T00:00:00,107340.59,108272.45,106562.5,106947.06,10573.27279,10134.21057236157,binance
2025-06-27T00:00:00,106947.06,107735.34,106356.76,107047.59,12232.44042,10137.238594909366,binance
2025-06-28T00:00:00,107047.58,107577.75,106811.51,107296.79,3282.17352,10141.694926025388,binance
2025-06-29T00:00:00,107296.79,108528.5,107172.52,108356.93,6831.7364,10156.222846684033,binance
2025-06-30T00:00:00,108356.93,108789.99,106733.33,107146.5,9754.12491,10156.781805640732,binance
2025-07-01T00:00:00,107146.51,107540.0,105250.85,105681.14,10505.62437,10143.421099046433,binance
2025-07-02T00:00:00,105681.13,109730.0,105100.19,108849.6,17691.89592,10159.688438686551,binance
2025-07-03T00:00:00,108849.59,110529.18,108530.4,109584.78,13047.08225,10182.559677551772,binance
2025-07-04T00:00:00,109584.77,109767.59,107245.0,107984.24,11793.86615,10186.954741170804,binance
2025-07-05T00:00:00,107984.25,108420.56,107756.31,108198.12,3736.9757,10192.382593573142,binance
2025-07-06T00:00:00,108198.12,109700.0,107800.01,109203.84,6447.607,10206.808718495971,binance
2025-07-07T00:00:00,109203.85,109700.0,107513.2,108262.94,9405.37601,10210.62205327639,binance
2025-07-08T00:00:00,108262.94,109216.56,107429.57,108922.98,9216.0208,10219.764899539252,binance
2025-07-09T00:00:00,108922.99,111999.79,108324.53,111233.99,17282.2865,10252.30739103232,binance
2025-07-10T00:00:00,111234.0,116868.0,110500.0,116010.0,24883.450665,10346.630403598021,binance
2025-07-11T00:00:00,116010.01,118869.98,115222.22,117527.66,25873.521148,10459.71397848466,binance
2025-07-12T00:00:00,117527.66,118200.0,116900.05,117420.0,8446.60437,10565.301105081166,binance
2025-07-13T00:00:00,117420.0,119488.0,117224.79,119086.64,9550.792947,10692.006401350487,binance
2025-07-14T00:00:00,119086.65,123218.0,118905.18,119841.18,27269.348877,10824.601399366693,binance
2025-07-15T00:00:00,119841.17,119940.83,115736.92,117758.09,32018.46083,10918.392787693721,binance
2025-07-16T00:00:00,117758.08,120063.84,117017.29,118630.43,17039.90851,11020.273158324739,binance
2025-07-17T00:00:00,118630.44,120998.71,117453.57,119177.56,15728.57651,11125.217025787486,binance
2025-07-18T00:00:00,119177.56,120820.71,116812.76,117924.84,19924.66266,11207.386076153954,binance
2025-07-19T00:00:00,117924.84,118499.9,117277.34,117840.0,6635.80306,11284.453438031873,binance
2025-07-20T00:00:00,117840.01,118856.8,116467.02,117265.12,12962.92889,11350.463095429048,binance
2025-07-21T00:00:00,117265.11,119676.73,116515.0,117380.36,17107.33128,11414.700617104692,binance
2025-07-22T00:00:00,117380.36,120247.8,116128.0,119954.42,20959.12973,11509.311911495866,binance
2025-07-23T00:00:00,119954.43,120090.0,117301.0,118755.99,14558.75083,11583.748425311855,binance
2025-07-24T00:00:00,118756.0,119450.0,117103.1,118340.99,15806.89043,11649.586061054046,binance
2025-07-25T00:00:00,118340.98,118451.57,114723.16,117614.31,38406.34873,11703.824660233313,binance
2025-07-26T00:00:00,117614.31,118297.35,117138.38,117919.99,6991.67206,11758.935902411944,binance
2025-07-27T00:00:00,117919.99,119766.65,117825.5,119415.55,9328.30919,11828.929438474494,binance
2025-07-28T00:00:00,119415.56,119800.0,117427.5,118062.32,13961.74754,11880.181839992314,binance
2025-07-29T00:00:00,118062.32,119273.36,116950.75,117950.76,15137.93445,11927.806734070271,binance
2025-07-30T00:00:00,117950.75,118792.0,115796.23,117840.3,15586.73631,11972.0016555731,binance
2025-07-31T00:00:00,117840.29,118922.45,115500.0,115764.08,17010.0073,11993.9440709251,binance
2025-08-01T00:00:00,115764.07,116052.0,112722.58,113297.93,24487.10206,11994.410657820672,binance
2025-08-02T00:00:00,113297.92,114063.49,112003.0,112546.35,11507.33428,11988.896324550327,binance
2025-08-03T00:00:00,112546.35,114799.97,111920.0,114208.8,7397.76046,11994.972095829406,binance
2025-08-04T00:00:00,114208.81,115720.0,114107.6,115055.03,9667.67916,12006.925806327668,binance
2025-08-05T00:00:00,115055.03,115127.81,112650.0,114129.75,12042.79078,12010.741451902128,binance
2025-08-06T00:00:00,114129.75,115716.0,113355.13,114992.27,9761.15318,12020.412796513943,binance
2025-08-07T00:00:00,114992.27,117621.0,114259.0,117472.01,13468.56263,12050.220970919865,binance
2025-08-08T00:00:00,117472.02,117630.0,115878.71,116674.74,10045.31278,12071.508527737002,binance
2025-08-09T00:00:00,116674.74,117944.05,116299.13,116462.25,9514.13144,12089.802437755136,binance
2025-08-10T00:00:00,116462.25,119311.11,116460.63,119294.01,14322.77073,12132.480540848233,binance
2025-08-11T00:00:00,119294.27,122335.16,118050.11,118686.0,26494.33429,12167.525670103652,binance
2025-08-12T00:00:00,118686.0,120324.43,118207.47,120134.08,16720.10893,12214.773050128766,binance
2025-08-13T00:00:00,120134.09,123667.79,118920.92,123306.43,23210.07102,12293.725767748705,binance
2025-08-14T00:00:00,123306.44,124474.0,117180.0,118295.09,27980.947586,12319.811182133535,binance
2025-08-15T00:00:00,118295.09,119216.82,116803.99,117342.05,13623.33874,12336.795046752248,binance
2025-08-16T00:00:00,117342.04,117898.99,117143.98,117380.66,6393.68117,12353.066433105803,binance
2025-08-17T00:00:00,117380.66,118575.0,117172.21,117405.01,5898.64192,12368.54125661166,binance
2025-08-18T00:00:00,117405.01,117543.75,114640.14,116227.05,17745.93954,12374.438201985517,binance
2025-08-19T00:00:00,116227.05,116725.69,112732.58,112872.94,18065.47424,12359.380593029939,binance
2025-08-20T00:00:00,112872.95,114615.38,112380.0,114271.24,15636.34194,12351.82538169877,binance
2025-08-21T00:00:00,114271.23,114821.76,112015.67,112500.0,10839.69235,12334.549098439982,binance
2025-08-22T00:00:00,112500.0,117429.05,111684.79,116935.99,23128.09037,12343.50529221967,binance
2025-08-23T00:00:00,116936.0,117030.0,114560.0,115438.05,11329.36197,12341.850830153584,binance
2025-08-24T00:00:00,115438.06,115666.68,110680.0,113493.59,21175.98462,12328.770031659633,binance
2025-08-25T00:00:00,113493.59,113667.28,109274.1,110111.98,25182.79379,12301.189116218982,binance
2025-08-26T00:00:00,110111.98,112371.0,108666.66,111763.22,18452.43877,12279.966046929612,binance
2025-08-27T00:00:00,111763.22,112625.0,110345.42,111262.01,13392.60875,12256.749017411217,binance
2025-08-28T00:00:00,111262.01,113485.9,110862.42,112566.9,11104.27744,12239.03252583019,binance
2025-08-29T00:00:00,112566.9,112638.64,107463.9,108377.4,22580.31045,12207.004283619932,binance
2025-08-30T00:00:00,108377.4,108926.15,107350.1,108816.33,10708.39159,12176.290167974894,binance
2025-08-31T00:00:00,108816.33,109480.02,108076.93,108246.35,9489.51596,12144.431503540185,binance
2025-09-01T00:00:00,108246.36,109912.4,107255.0,109237.42,16053.60219,12115.263188775063,binance
2025-09-02T00:00:00,109237.43,111771.52,108393.39,111240.01,18510.28756,12092.660211684282,binance
2025-09-03T00:00:00,111240.01,112575.27,110528.71,111705.71,11773.72084,12071.870350004805,binance
2025-09-04T00:00:00,111705.72,112180.0,109329.12,110730.87,12203.13536,12047.613524550821,binance
2025-09-05T00:00:00,110730.87,113384.62,110206.96,110659.99,21587.40888,12023.225879926456,binance
2025-09-06T00:00:00,110660.0,111307.7,109977.0,110187.97,5000.29897,11997.464470426634,binance
2025-09-07T00:00:00,110187.98,111600.0,110180.0,111137.34,5681.29944,11974.901394153421,binance
2025-09-08T00:00:00,111137.35,112924.37,110621.78,112065.23,11582.40211,11955.79641093348,binance
2025-09-09T00:00:00,112065.23,113293.29,110766.66,111546.39,15379.28248,11934.78235205223,binance
2025-09-10T00:00:00,111546.38,114313.13,110917.45,113960.0,17517.41823,11923.762944240661,binance
2025-09-11T00:00:00,113960.0,115488.09,113430.0,115482.69,13676.73119,11920.217596191025,binance
2025-09-12T00:00:00,115482.69,116665.63,114740.99,116029.42,15324.10719,11919.342243270705,binance
2025-09-13T00:00:00,116029.41,116298.78,115127.27,115918.29,8269.40394,11917.503987740867,binance
2025-09-14T00:00:00,115918.29,116165.19,115135.0,115268.01,6707.60197,11911.930894336709,binance
2025-09-15T00:00:00,115268.01,116757.99,114384.0,115349.71,13212.51149,11906.524970345974,binance
2025-09-16T00:00:00,115349.71,116964.27,114737.11,116788.96,10926.9094,11908.56928377819,binance
2025-09-17T00:00:00,116788.96,117286.73,114720.81,116447.59,16754.2454,11908.32115346498,binance
2025-09-18T00:00:00,116447.6,117900.0,116092.76,117073.53,11657.23365,11911.193524491886,binance
2025-09-19T00:00:00,117073.53,117459.99,115100.0,115632.38,8992.09065,11906.021282343909,binance
2025-09-20T00:00:00,115632.39,116121.81,115408.47,115685.63,4674.92752,11900.874224041625,binance
2025-09-21T00:00:00,115685.63,115819.06,115188.0,115232.29,4511.52219,11893.320526808397,binance
2025-09-22T00:00:00,115232.29,115379.25,111800.0,112650.99,20781.71356,11875.086060040963,binance
2025-09-23T00:00:00,112650.99,113290.5,111458.73,111998.8,12301.3203,11854.71341873081,binance
2025-09-24T00:00:00,111998.8,113940.0,111042.66,113307.0,12369.25967,11838.892020185785,binance
2025-09-25T00:00:00,113307.01,113510.23,108631.51,108994.49,21231.14957,11811.266135251384,binance
2025-09-26T00:00:00,108994.49,110300.0,108620.07,109643.46,14243.01591,11785.066827355678,binance
2025-09-27T00:00:00,109643.46,109743.91,109064.4,109635.85,5501.78643,11759.018320354588,binance
2025-09-28T00:00:00,109635.85,112350.0,109189.99,112163.95,7542.3316,11739.62973892084,binance
2025-09-29T00:00:00,112163.96,114400.0,111560.65,114311.96,15541.12005,11727.954167283848,binance
2025-09-30T00:00:00,114311.97,114792.0,112656.27,114048.93,15044.15633,11715.161619321401,binance
2025-10-01T00:00:00,114048.94,118649.1,113966.67,118594.99,20036.39516,11724.262133783948,binance
2025-10-02T00:00:00,118594.99,121022.07,118279.31,120529.35,19670.83503,11744.78494906077,binance
2025-10-03T00:00:00,120529.35,123894.99,119248.3,122232.0,23936.328,11776.234976895843,binance
2025-10-04T00:00:00,122232.21,122800.0,121510.0,122391.0,8208.16678,11807.819185078974,binance
2025-10-05T00:00:00,122390.99,125708.42,122136.0,123482.31,22043.097553,11846.398220163906,binance
2025-10-06T00:00:00,123482.32,126199.63,123084.0,124658.54,19494.628793,11892.857285092121,binance
2025-10-07T00:00:00,124658.54,125126.0,120574.94,121332.95,21633.99385,11914.15137516568,binance
2025-10-08T00:00:00,121332.96,124197.25,121066.14,123306.0,17012.618,11948.120308520889,binance
2025-10-09T00:00:00,123306.01,123762.94,119651.47,121662.4,21559.36007,11969.90770375796,binance
2025-10-10T00:00:00,121662.41,122550.0,102000.0,112774.5,64171.93927,11950.226103514738,binance
2025-10-11T00:00:00,112774.49,113322.39,109561.59,110644.4,35448.51652,11925.645123659606,binance
2025-10-12T00:00:00,110644.4,115770.0,109565.06,114958.8,32255.30272,11913.100618365575,binance
2025-10-13T00:00:00,114958.81,115963.81,113616.5,115166.0,22557.24033,11901.261854446528,binance
2025-10-14T00:00:00,115166.0,115409.96,109866.0,113028.14,31870.32974,11882.483197182168,binance
2025-10-15T00:00:00,113028.13,113612.35,110164.0,110763.28,22986.48811,11858.512984467117,binance
2025-10-16T00:00:00,110763.28,111982.45,107427.0,108194.28,29857.17252,11831.2387857783,binance
2025-10-17T00:00:00,108194.27,109240.0,103528.23,106431.68,37920.66838,11803.320379394145,binance
2025-10-18T00:00:00,106431.68,107499.0,106322.2,107185.01,11123.18766,11775.801889724453,binance
2025-10-19T00:00:00,107185.0,109450.07,106103.36,108642.78,15480.66423,11749.502418029522,binance
2025-10-20T00:00:00,108642.77,111705.56,107402.52,110532.09,19193.4416,11725.945871688018,binance
2025-10-21T00:00:00,110532.09,114000.0,107473.72,108297.67,37228.01659,11699.66633969913,binance
2025-10-22T00:00:00,108297.66,109163.88,106666.69,107567.44,28610.78451,11673.058238683605,binance
2025-10-23T00:00:00,107567.45,111293.61,107500.0,110078.18,17573.09294,11649.230335912662,binance
2025-10-24T00:00:00,110078.19,112104.98,109700.01,111004.89,15005.16913,11627.118037867756,binance
2025-10-25T00:00:00,111004.9,111943.19,110672.86,111646.27,6407.96864,11606.400839664,binance
2025-10-26T00:00:00,111646.27,115466.8,111260.45,114559.4,13454.47737,11593.546691245689,binance
2025-10-27T00:00:00,114559.41,116400.0,113830.01,114107.65,21450.23241,11579.265975215143,binance
2025-10-28T00:00:00,114107.65,116086.0,112211.0,112898.45,15523.42257,11561.6363808563,binance
2025-10-29T00:00:00,112898.44,113643.73,109200.0,110021.29,21079.71376,11538.399523931148,binance
2025-10-30T00:00:00,110021.3,111592.0,106304.34,108322.88,25988.82838,11513.46734672352,binance
2025-10-31T00:00:00,108322.87,111190.0,108275.28,109608.01,21518.20439,11489.97345885433,binance
2025-11-01T00:00:00,109608.01,110564.49,109394.81,110098.1,7378.50431,11467.271217625164,binance
2025-11-02T00:00:00,110098.1,111250.01,109471.34,110540.68,12107.00087,11445.362014686696,binance
2025-11-03T00:00:00,110540.69,110750.0,105306.56,106583.04,28681.18779,11420.349773383457,binance
2025-11-04T00:00:00,106583.05,107299.0,98944.36,101497.22,50534.87376,11400.10193768644,binance
2025-11-05T00:00:00,101497.23,104534.74,98966.8,103885.16,33778.77571,11376.598533086886,binance
2025-11-06T00:00:00,103885.16,104200.0,100300.95,101346.04,25814.62139,11356.861706596159,binance
2025-11-07T00:00:00,101346.04,104096.36,99260.86,103339.08,32059.50942,11334.194595332361,binance
2025-11-08T00:00:00,103339.09,103406.22,101454.0,102312.94,12390.77985,11313.024011368117,binance
2025-11-09T00:00:00,102312.95,105495.62,101400.0,104722.96,16338.97096,11289.417686465287,binance
2025-11-10T00:00:00,104722.95,106670.11,104265.02,106011.13,22682.25673,11265.493235068501,binance
2025-11-11T00:00:00,106011.13,107500.0,102476.09,103058.99,24196.50718,11243.70052740869,binance
2025-11-12T00:00:00,103059.0,105333.33,100813.59,101654.37,20457.63906,11224.10591895604,binance
2025-11-13T00:00:00,101654.37,104085.01,98000.4,99692.02,36198.50771,11208.710722315784,binance
2025-11-14T00:00:00,99692.03,99866.02,94012.45,94594.0,47288.14481,11210.58951930739,binance
2025-11-15T00:00:00,94594.0,96846.68,94558.49,95596.24,15110.89391,11208.134586512038,binance
2025-11-16T00:00:00,95596.23,96635.11,93005.55,94261.44,23889.4051,11211.041284033994,binance
2025-11-17T00:00:00,94261.45,96043.0,91220.0,92215.14,39218.59806,11223.346286858163,binance
2025-11-18T00:00:00,92215.14,93836.01,89253.78,92960.83,39835.14769,11231.597023090542,binance
2025-11-19T00:00:00,92960.83,92980.22,88608.0,91554.96,32286.6376,11246.51574747411,binance
2025-11-20T00:00:00,91554.96,93160.0,86100.0,86637.23,39733.19073,11290.76317718521,binance
2025-11-21T00:00:00,86637.22,87498.94,80600.0,85129.43,72256.12679,11344.66800582894,binance
2025-11-22T00:00:00,85129.42,85620.0,83500.0,84739.74,14193.93263,11400.141242021267,binance
2025-11-23T00:00:00,84739.75,88127.64,84667.57,86830.0,19734.46418,11439.729125809452,binance
2025-11-24T00:00:00,86830.0,89228.0,85272.0,88300.01,24663.12795,11469.148078206199,binance
2025-11-25T00:00:00,88300.01,88519.99,86116.0,87369.96,19567.0411,11503.537127881564,binance
2025-11-26T00:00:00,87369.97,90656.08,86306.77,90484.02,21675.82239,11519.413938189431,binance
2025-11-27T00:00:00,90484.01,91950.0,90089.91,91333.95,16833.50932,11530.625932227129,binance
2025-11-28T00:00:00,91333.94,93092.0,90180.63,90890.7,18830.86012,11543.622581507112,binance
2025-11-29T00:00:00,90890.71,91165.65,90155.47,90802.44,7429.88291,11556.657536028148,binance
2025-11-30T00:00:00,90802.44,92000.01,90336.9,90360.0,9687.74175,11571.485267792781,binance
2025-12-01T00:00:00,90360.01,90417.0,83822.76,86286.01,34509.01227,11608.881936819098,binance
2025-12-02T00:00:00,86286.01,92307.65,86184.39,91277.88,28210.22732,11618.314394796833,binance
2025-12-03T00:00:00,91277.88,94150.0,90990.23,93429.95,25712.52585,11618.357921164072,binance
2025-12-04T00:00:00,93429.95,94080.0,90889.0,92078.06,19803.94059,11623.704367300961,binance
2025-12-05T00:00:00,92078.06,92692.36,88056.0,89330.04,19792.97218,11641.672900581292,binance
2025-12-06T00:00:00,89330.04,90289.97,88908.01,89236.79,8409.50016,11659.648653845516,binance
2025-12-07T00:00:00,89236.8,91760.0,87719.28,90395.31,13021.11185,11671.499847601957,binance
2025-12-08T00:00:00,90395.32,92287.15,89612.0,90634.34,15793.63887,11681.890097368872,binance
2025-12-09T00:00:00,90634.35,94588.99,89500.0,92678.8,21240.43014,11683.332977934864,binance
2025-12-10T00:00:00,92678.81,94476.0,91563.15,92015.37,18998.68083,11687.219253222054,binance
2025-12-11T00:00:00,92015.38,93555.0,89260.63,92513.38,19972.58758,11688.911586926102,binance
2025-12-12T00:00:00,92513.38,92754.0,89480.0,90268.42,16679.19169,11699.857660954349,binance
2025-12-13T00:00:00,90268.43,90634.55,89766.39,90240.01,5895.70788,11710.599538995482,binance
2025-12-14T00:00:00,90240.0,90472.4,87577.36,88172.17,9416.94004,11730.975525309303,binance
2025-12-15T00:00:00,88172.16,90052.64,85146.64,86432.08,19778.6919,11760.193457059946,binance
2025-12-16T00:00:00,86432.08,88175.98,85266.0,87863.42,18456.05017,11781.0850307125,binance
2025-12-17T00:00:00,87863.43,90365.85,85314.0,86243.22,19834.11729,11810.131041423443,binance
2025-12-18T00:00:00,86243.23,89477.61,84450.01,85516.41,25405.41763,11842.632335365808,binance
2025-12-19T00:00:00,85516.41,89399.97,85110.24,88136.94,21256.65004,11860.526144052583,binance
2025-12-20T00:00:00,88136.95,88573.07,87795.76,88360.9,5123.13194,11876.899309270255,binance
2025-12-21T00:00:00,88360.91,89081.77,87600.04,88658.86,7132.87258,11891.458077000258,binance
2025-12-22T00:00:00,88658.87,90588.23,87900.0,88620.79,14673.2197,11905.814246075874,binance
2025-12-23T00:00:00,88620.79,88940.0,86601.9,87486.0,13910.32904,11925.206384176801,binance
2025-12-24T00:00:00,87486.0,88049.89,86420.0,87669.45,9140.8432,11943.248152098606,binance
2025-12-25T00:00:00,87669.44,88592.74,86934.72,87225.27,7096.58235,11963.017340178772,binance
2025-12-26T00:00:00,87225.27,89567.75,86655.08,87369.56,18344.61505,11981.624119401498,binance
2025-12-27T00:00:00,87369.56,87984.0,87253.05,87877.01,4469.55156,11997.39299423423,binance
2025-12-28T00:00:00,87877.0,88088.75,87435.0,87952.71,4446.29285,12012.424086559595,binance
2025-12-29T00:00:00,87952.71,90406.08,86806.5,87237.13,19894.98575,12030.413698515535,binance
2025-12-30T00:00:00,87237.13,89400.0,86845.66,88485.49,13105.91001,12042.309170917011,binance
2025-12-31T00:00:00,88485.5,89200.0,87250.0,87648.22,11558.62047,12057.607540952298,binance
2026-01-01T00:00:00,87648.21,88919.45,87550.43,88839.04,6279.57133,12067.336799051574,binance
2026-01-02T00:00:00,88839.05,90961.81,88379.88,89995.13,17396.97301,12072.161371473998,binance
2026-01-03T00:00:00,89995.14,90741.16,89314.01,90628.01,7057.46716,12074.424529962622,binance
2026-01-04T00:00:00,90628.01,91810.0,90628.0,91529.73,10426.5297,12073.384243393732,binance
2026-01-05T00:00:00,91529.74,94789.08,91514.81,93859.71,20673.59584,12065.24394398347,binance
2026-01-06T00:00:00,93859.71,94444.44,91262.94,93747.97,18546.41829,12057.366279336626,binance
2026-01-07T00:00:00,93747.97,93747.97,90675.52,91364.16,14276.49025,12056.595780621168,binance
2026-01-08T00:00:00,91364.16,91687.99,89311.0,91099.99,16132.79117,12056.581465475972,binance
2026-01-09T00:00:00,91100.0,92082.55,89694.66,90641.28,15590.27939,12058.00082511158,binance
2026-01-10T00:00:00,90641.27,90832.0,90404.0,90504.7,3104.11722,12059.740484068505,binance
2026-01-11T00:00:00,90504.7,91283.89,90236.0,91013.65,5477.13594,12059.586971290104,binance
2026-01-12T00:00:00,91013.66,92519.95,90128.44,91296.2,16188.08268,12058.375334402846,binance
2026-01-13T00:00:00,91296.2,96495.0,91042.66,95414.0,23021.51482,12046.133521329624,binance
2026-01-14T00:00:00,95413.99,97924.49,94559.28,96951.78,22851.89428,12031.047800260689,binance
2026-01-15T00:00:00,96951.78,97193.34,95134.48,95604.8,21725.81369,12018.468912938119,binance
2026-01-16T00:00:00,95604.81,95871.47,94293.46,95550.94,11167.7146,12006.019773264961,binance
2026-01-17T00:00:00,95550.94,95639.45,95021.67,95147.77,4280.80137,11994.420766637693,binance
2026-01-18T00:00:00,95147.77,95531.12,93615.4,93673.14,6895.17819,11986.227001196577,binance
2026-01-19T00:00:00,93673.14,93673.14,91910.2,92631.0,14295.52747,11980.746194655641,binance
2026-01-20T00:00:00,92630.99,92870.0,87895.98,88427.66,22007.3261,11989.16778422019,binance
2026-01-21T00:00:00,88427.66,90574.0,87263.53,89454.73,20617.50372,11993.52529288251,binance
2026-01-22T00:00:00,89454.73,90359.99,88515.37,89559.67,10825.50492,11997.327794519078,binance
2026-01-23T00:00:00,89559.68,91224.99,88578.36,89600.26,13918.48919,12000.813691727562,binance
2026-01-24T00:00:00,89600.26,89957.39,89162.08,89225.34,4226.56737,12005.451625267182,binance
2026-01-25T00:00:00,89225.34,89319.13,86074.72,86670.36,14426.22019,12019.839825733852,binance
2026-01-26T00:00:00,86670.36,88860.0,86509.63,88347.08,17766.51453,12027.243574532873,binance
2026-01-27T00:00:00,88347.08,89523.16,87304.33,89250.0,13125.40425,12031.169782767744,binance
2026-01-28T00:00:00,89249.99,90600.0,88833.65,89299.99,14332.18502,12034.751340067227,binance
2026-01-29T00:00:00,89300.0,89348.0,83383.33,84650.16,30431.38201,12056.935085987872,binance
2026-01-30T00:00:00,84650.16,84735.75,81118.0,84260.49,35195.84793,12080.494545515412,binance
2026-01-31T00:00:00,84260.5,84270.02,75719.9,78741.09,39491.89133,12133.259319824167,binance
2026-02-01T00:00:00,78741.1,79424.0,75700.0,76968.21,25395.48168,12196.08892419771,binance
2026-02-02T00:00:00,76968.22,79360.0,74604.0,78738.61,42273.59016,12246.777010981292,binance
2026-02-03T00:00:00,78738.6,79186.81,72945.5,75770.21,39120.10889,12315.08993165136,binance
2026-02-04T00:00:00,75770.21,76971.52,71888.0,73165.83,38375.36,12399.966861642213,binance
2026-02-05T00:00:00,73165.84,73341.18,62345.0,62909.86,106298.82899,12568.639160483604,binance
2026-02-06T00:00:00,62909.87,71751.33,60000.0,70580.26,92539.21531,12667.857496078648,binance
2026-02-07T00:00:00,70580.26,71690.07,67300.0,69289.38,44255.48036,12774.823639581766,binance
2026-02-08T00:00:00,69289.37,72271.41,68888.0,70330.38,21420.53168,12871.640726511901,binance
2026-02-09T00:00:00,70330.38,71453.53,68308.0,70138.0,29152.72842,12967.86291037278,binance
2026-02-10T00:00:00,70138.0,70527.59,67800.0,68841.29,20373.77072,13071.719210972784,binance
2026-02-11T00:00:00,68841.28,69292.88,65756.0,67082.52,28718.24602,13186.866148882795,binance
2026-02-12T00:00:00,67082.52,68410.52,65118.0,66272.17,24271.74283,13305.873376295463,binance
2026-02-13T00:00:00,66272.17,69482.97,65872.46,68853.96,20244.54955,13402.867715995857,binance
2026-02-14T00:00:00,68853.97,70560.01,68730.13,69822.95,18114.78393,13491.073072041405,binance
2026-02-15T00:00:00,69822.94,70983.0,68000.0,68832.58,22290.05208,13584.4284250453,binance
2026-02-16T00:00:00,68832.59,70126.67,67294.11,68892.43,15515.76534,13675.507297802282,binance
2026-02-17T00:00:00,68892.43,69241.5,66621.06,67503.52,16489.06921,13774.543498491255,binance
2026-02-18T00:00:00,67503.52,68476.22,65870.0,66461.0,15492.43839,13879.082689500912,binance
2026-02-19T00:00:00,66461.0,67320.0,65631.83,67003.73,14542.26988,13977.620935710383,binance
2026-02-20T00:00:00,67003.73,68318.39,66280.2,68020.01,35351.87091,14067.19524275124,binance
2026-02-21T00:00:00,68020.0,68698.7,67534.69,67975.93,8032.84131,14155.334896115794,binance
2026-02-22T00:00:00,67975.93,68245.0,67190.0,67643.4,8175.13484,14244.002243725357,binance
2026-02-23T00:00:00,67643.39,67684.86,63888.79,64656.02,33075.90923,14351.65212351922,binance
2026-02-24T00:00:00,64656.01,65026.75,62510.28,64058.15,23102.83622,14461.43568832271,binance
2026-02-25T00:00:00,64058.15,69988.83,63913.27,67988.04,30749.99259,14542.428280784166,binance
2026-02-26T00:00:00,67988.04,68860.0,66500.0,67485.18,20737.77792,14625.11619172402,binance
2026-02-27T00:00:00,67485.19,68216.8,64914.46,65872.1,21228.58424,14716.736927493548,binance
2026-02-28T00:00:00,65872.09,67760.0,63030.0,66973.26,22548.71649,14799.51016330755,binance
2026-03-01T00:00:00,66973.26,68199.99,65056.0,65776.47,23201.85859,14888.41551491173,binance
2026-03-02T00:00:00,65776.48,70096.0,65259.21,68830.06,32010.38431,14956.888865273002,binance
2026-03-03T00:00:00,68830.06,69258.08,66158.0,68338.0,24972.2418,15027.028801910228,binance
2026-03-04T00:00:00,68338.01,74050.0,67400.0,72666.77,44919.0761,15072.432734964921,binance
2026-03-05T00:00:00,72666.77,73558.15,70645.47,70890.72,26590.51253,15126.203480473585,binance
2026-03-06T00:00:00,70891.02,71419.98,67744.78,68114.02,22629.88722,15194.379187761895,binance
2026-03-07T00:00:00,68114.02,68551.04,66915.26,67262.91,12719.54315,15266.296601696915,binance
2026-03-08T00:00:00,67262.91,68200.0,65618.49,65971.2,21593.63901,15344.611015750386,binance
2026-03-09T00:00:00,65971.2,69516.65,65821.97,68432.16,28896.7213,15407.357950366846,binance
2026-03-10T00:00:00,68432.16,71777.0,68391.41,69948.63,32602.57726,15460.918453476785,binance
2026-03-11T00:00:00,69948.64,71321.0,68977.91,70191.86,27249.27542,15512.327354030444,binance
2026-03-12T00:00:00,70191.86,70800.0,69205.91,70541.34,21997.1605,15561.112780412854,binance
2026-03-13T00:00:00,70541.34,73913.74,70386.01,70930.0,35996.61678,15607.16712719945,binance
2026-03-14T00:00:00,70930.01,71307.92,70317.0,71211.95,13017.24737,15651.094462811334,binance
2026-03-15T00:00:00,71211.95,73199.0,70858.82,72815.24,14037.30704,15686.865987483654,binance
2026-03-16T00:00:00,72815.25,74909.08,72270.41,74884.67,28409.53019,15713.188076134285,binance
2026-03-17T00:00:00,74884.67,76000.0,73399.19,73909.36,24521.26636,15743.111611746293,binance
2026-03-18T00:00:00,73909.37,74672.34,70500.0,71341.44,22001.7933,15783.908947878375,binance
